result,from,to
moved,Assets/CrabSystem/ItemInventoryEquipment/PH Item Icons/Icons/Armor/Falmer_magical_Hat_08.png,Assets/Database/Assets/2D Database/Falmer_magical_Hat_08.png
moved,Assets/- Scenes/ModelHall/SkinBaseTex.png,Assets/Database/Assets/2D Database/SkinBaseTex.png
moved,Assets/CrabSystem/Sound/UnplacedSounds/Whoosh,Organic,Fabric,Glove,Airy,Breathy,Punchy.wav,Assets/Database/Assets/Sound/Whoosh,Organic,Fabric,Glove,Airy,Breathy,Punchy.wav
moved,Assets/- Scenes/ModelHall/SkinBaseTex3.png,Assets/Database/Assets/2D Database/SkinBaseTex3.png
moved,Assets/2D/sprite_0053.png,Assets/Database/Assets/2D Database/sprite_0053.png
moved,Assets/CrabSystem/MovementLocomotion/Sounds/Jump.wav,Assets/Database/Assets/Sound/Jump.wav
moved,Assets/CrabSystem/ItemInventoryEquipment/PH Item Icons/Icons/Armor/leather_boots.png,Assets/Database/Assets/2D Database/leather_boots.png
moved,Assets/3d/Models/Stroma/StromaBodyTexture.png,Assets/Database/Assets/2D Database/StromaBodyTexture.png
moved,Assets/CrabSystem/ItemInventoryEquipment/PH Item Icons/Icons/Armor/Falmer_Tunics_74.png,Assets/Database/Assets/2D Database/Falmer_Tunics_74.png
moved,Assets/CrabSystem/ItemInventoryEquipment/PH Item Icons/Falmer_armored_boots_17.png,Assets/Database/Assets/2D Database/Falmer_armored_boots_17.png
moved,Assets/CrabSystem/ItemInventoryEquipment/PH Item Icons/Icons/Weapons/hammer_9.png,Assets/Database/Assets/2D Database/hammer_9.png
moved,Assets/CrabSystem/Sound/UnplacedSounds/bullet_impact_body_thump_02.wav,Assets/Database/Assets/Sound/bullet_impact_body_thump_02.wav
moved,Assets/- Scenes/NewModel/c-elfskin-2.png,Assets/Database/Assets/2D Database/c-elfskin-2.png
moved,Assets/- Scenes/ModelHall/beholder.fbx,Assets/Database/Assets/3D Database/beholder.fbx
moved,Assets/3d/Models/animegbase4.fbx,Assets/Database/Assets/3D Database/animegbase4.fbx
moved,Assets/- Scenes/ModelHall/Leotard.fbx,Assets/Database/Assets/3D Database/Leotard.fbx
moved,Assets/CrabSystem/ItemInventoryEquipment/PH Item Icons/Falmer_Ebony_01.png,Assets/Database/Assets/2D Database/Falmer_Ebony_01.png
moved,Assets/CrabSystem/ItemInventoryEquipment/PH Item Icons/Icons/Misc/Copper_Ingot.png,Assets/Database/Assets/2D Database/Copper_Ingot.png
moved,Assets/- Scenes/MenuScene/ElfFaceBase.png,Assets/Database/Assets/2D Database/ElfFaceBase.png
moved,Assets/CrabSystem/ItemInventoryEquipment/PH Item Icons/Icons/Misc/sapphire_gem_01.png,Assets/Database/Assets/2D Database/sapphire_gem_01.png
moved,Assets/3d/Porphi-V0.2.2.fbx,Assets/Database/Assets/3D Database/Porphi-V0.2.2.fbx
moved,Assets/UI Assets pack_v.1_st/Book.png,Assets/Database/Assets/2D Database/Book.png
moved,Assets/- Scenes/AG3/AnimeGirl3.fbx,Assets/Database/Assets/3D Database/AnimeGirl3.fbx
moved,Assets/- Scenes/AG3/C_Elfskin_f.png,Assets/Database/Assets/2D Database/C_Elfskin_f.png
moved,Assets/CrabSystem/UIWindows/UIs/MenuPanel.png,Assets/Database/Assets/2D Database/MenuPanel.png
moved,Assets/CrabSystem/Sound/UnplacedSounds/WHSH_InsJ_Whooshing_Low_Double_01-01.wav,Assets/Database/Assets/Sound/WHSH_InsJ_Whooshing_Low_Double_01-01.wav
moved,Assets/- Scenes/NewModel/ElfSheer Layer.png,Assets/Database/Assets/2D Database/ElfSheer Layer.png
moved,Assets/CrabSystem/Sound/Sounds/UnplacedSounds/AMBISONIC_A SD INT Metal Iron Steel Drop Concrete 23 C.wav,Assets/Database/Assets/Sound/AMBISONIC_A SD INT Metal Iron Steel Drop Concrete 23 C.wav
moved,Assets/3d/CustomBaseMesh11.fbx,Assets/Database/Assets/3D Database/CustomBaseMesh11.fbx
moved,Assets/CrabSystem/Sound/UnplacedSounds/Whoosh_Cloth_Leather_Fight_174.wav,Assets/Database/Assets/Sound/Whoosh_Cloth_Leather_Fight_174.wav
moved,Assets/CrabSystem/Sound/Sounds/UnplacedSounds/HKAP2 Spin Whoosh 2a.wav,Assets/Database/Assets/Sound/HKAP2 Spin Whoosh 2a.wav
moved,Assets/3d/Models/Porphi/toontest/Porphi.png,Assets/Database/Assets/2D Database/Porphi.png
moved,Assets/CrabSystem/ItemInventoryEquipment/PH Item Icons/Icons/Misc/golden_key.png,Assets/Database/Assets/2D Database/golden_key.png
moved,Assets/CrabSystem/ItemInventoryEquipment/PH Item Icons/Icons/Weapons/Falmer_Axe_74.png,Assets/Database/Assets/2D Database/Falmer_Axe_74.png
moved,Assets/3d/Models/Porphi/toontest/StromaBodyTexture.png,Assets/Database/Assets/2D Database/StromaBodyTexture 1.png
moved,Assets/CrabSystem/Sound/UnplacedSounds/metal_pipe_hit_2.WAV,Assets/Database/Assets/Sound/metal_pipe_hit_2.WAV
moved,Assets/CrabSystem/Sound/Sounds/UnplacedSounds/UIGlitch_Whoosh_RogueWaves_GlitchGrains_01.wav,Assets/Database/Assets/Sound/UIGlitch_Whoosh_RogueWaves_GlitchGrains_01.wav
moved,Assets/CrabSystem/ItemInventoryEquipment/PH Item Icons/Icons/Armor/Falmer_Wizard_Belt_21.png,Assets/Database/Assets/2D Database/Falmer_Wizard_Belt_21.png
moved,Assets/3d/Humanoid/ModelExport.fbx,Assets/Database/Assets/3D Database/ModelExport.fbx
moved,Assets/CrabSystem/Sound/UnplacedSounds/PUNCH_DESIGNED_LIGHT_78.wav,Assets/Database/Assets/Sound/PUNCH_DESIGNED_LIGHT_78.wav
moved,Assets/- Scenes/MenuScene/ElfSheer.png,Assets/Database/Assets/2D Database/ElfSheer.png
moved,Assets/- Scenes/ModelHall/FlakJacket.png,Assets/Database/Assets/2D Database/FlakJacket.png
moved,Assets/CrabSystem/Sound/Sounds/UnplacedSounds/WEAPArmr_Metal Shield Block Hits_JSE_MW.wav,Assets/Database/Assets/Sound/WEAPArmr_Metal Shield Block Hits_JSE_MW.wav
moved,Assets/CrabSystem/ItemInventoryEquipment/PH Item Icons/Icons/Misc/Dwarven_magical_scroll_elemental_of_magic_05.png,Assets/Database/Assets/2D Database/Dwarven_magical_scroll_elemental_of_magic_05.png
moved,Assets/CrabSystem/Sound/UnplacedSounds/Seq 2.27 whoosh #1 96 HK1.wav,Assets/Database/Assets/Sound/Seq 2.27 whoosh #1 96 HK1.wav
moved,Assets/3d/Doodads/basicchest.blend,Assets/Database/Assets/3D Database/basicchest.blend
moved,Assets/3d/Doodads/untitled.fbx,Assets/Database/Assets/3D Database/untitled.fbx
moved,Assets/CrabSystem/Sound/UnplacedSounds/Whoosh,Organic,Styrofoam,Plank,Airy,Smooth,Texture,1.wav,Assets/Database/Assets/Sound/Whoosh,Organic,Styrofoam,Plank,Airy,Smooth,Texture,1.wav
moved,Assets/3d/Doodads/WeaponRack.fbx,Assets/Database/Assets/3D Database/WeaponRack.fbx
moved,Assets/- Scenes/NewModel/AnimeGirlDefSkel.fbx,Assets/Database/Assets/3D Database/AnimeGirlDefSkel.fbx
moved,Assets/CrabSystem/Sound/Sounds/UnplacedSounds/Whoosh,Sound Design,Cartoon,Thin,Very High,Tight,2.wav,Assets/Database/Assets/Sound/Whoosh,Sound Design,Cartoon,Thin,Very High,Tight,2.wav
moved,Assets/CrabSystem/Sound/Sounds/UnplacedSounds/MAGIC ICE Whoosh, Ice Bloc, Debris 01.wav,Assets/Database/Assets/Sound/MAGIC ICE Whoosh, Ice Bloc, Debris 01.wav
moved,Assets/CrabSystem/Sound/Sounds/UnplacedSounds/Seq 2.1 whoosh #1 96 HK1.wav,Assets/Database/Assets/Sound/Seq 2.1 whoosh #1 96 HK1.wav
moved,Assets/CrabSystem/ItemInventoryEquipment/PH Item Icons/Icons/Armor/Falmer_Tunics_86.png,Assets/Database/Assets/2D Database/Falmer_Tunics_86.png
moved,Assets/- Scenes/AG3/SheerLayer4.png,Assets/Database/Assets/2D Database/SheerLayer4.png
moved,Assets/CrabSystem/Sound/Sounds/UnplacedSounds/WHSH_InsJ_Whooshing_Low_Double_01-01.wav,Assets/Database/Assets/Sound/WHSH_InsJ_Whooshing_Low_Double_01-01 1.wav
moved,Assets/CrabSystem/Sound/UnplacedSounds/Seq1.15 whoosh #1 96 HK1.wav,Assets/Database/Assets/Sound/Seq1.15 whoosh #1 96 HK1.wav
moved,Assets/- Scenes/MenuScene/shirt.fbx,Assets/Database/Assets/3D Database/shirt.fbx
moved,Assets/CrabSystem/ItemInventoryEquipment/PH Item Icons/Icons/Armor/Circular_Oval_Falmer_Shield_22.png,Assets/Database/Assets/2D Database/Circular_Oval_Falmer_Shield_22.png
moved,Assets/CrabSystem/Sound/Sounds/UnplacedSounds/Whoosh,Sound Design,Cartoon,Whir,2.wav,Assets/Database/Assets/Sound/Whoosh,Sound Design,Cartoon,Whir,2.wav
moved,Assets/CrabSystem/Sound/UnplacedSounds/Whoosh,Sound Design,Cartoon,Thin,Very High,Tight,2.wav,Assets/Database/Assets/Sound/Whoosh,Sound Design,Cartoon,Thin,Very High,Tight,2 1.wav
moved,Assets/CrabSystem/Sound/Sounds/UnplacedSounds/Metal_Barrel_Bolt_Lock_Loose_Handling_03.wav,Assets/Database/Assets/Sound/Metal_Barrel_Bolt_Lock_Loose_Handling_03.wav
moved,Assets/CrabSystem/Sound/UnplacedSounds/Quirboilly,leather,metal,twist,contort,large,supple,lining,flimsymetal,zipper,drop,slightdistance,roomAMB,slide,lightclatter.wav,Assets/Database/Assets/Sound/Quirboilly,leather,metal,twist,contort,large,supple,lining,flimsymetal,zipper,drop,slightdistance,roomAMB,slide,lightclatter.wav
moved,Assets/CrabSystem/Sound/UnplacedSounds/MAGIC ICE Whoosh, Ice Bloc, Debris 01.wav,Assets/Database/Assets/Sound/MAGIC ICE Whoosh, Ice Bloc, Debris 02.wav
moved,Assets/CrabSystem/Sound/UnplacedSounds/IMPACT_LOW_THUD_10.wav,Assets/Database/Assets/Sound/IMPACT_LOW_THUD_10.wav
moved,Assets/CrabSystem/Sound/UnplacedSounds/HKAP2 Seq1.2 Whoosh 5.wav,Assets/Database/Assets/Sound/HKAP2 Seq1.2 Whoosh 5.wav
moved,Assets/CrabSystem/ItemInventoryEquipment/PH Item Icons/Icons/Armor/magic_fantasy_ring_36.png,Assets/Database/Assets/2D Database/magic_fantasy_ring_36.png
moved,Assets/CrabSystem/ItemInventoryEquipment/PH Item Icons/Icons/Armor/Mage_Staff_2.png,Assets/Database/Assets/2D Database/Mage_Staff_2.png
moved,Assets/- Scenes/NewModel/BodyTextire.png,Assets/Database/Assets/2D Database/BodyTextire.png
moved,Assets/CrabSystem/Sound/Sounds/UnplacedSounds/metal_hit_004.wav,Assets/Database/Assets/Sound/metal_hit_004.wav
moved,Assets/CrabSystem/Sound/UnplacedSounds/Whoosh Electronic Short Beep.wav,Assets/Database/Assets/Sound/Whoosh Electronic Short Beep.wav
moved,Assets/3d/Doodads/BasicChest.fbx,Assets/Database/Assets/3D Database/BasicChest.fbx
moved,Assets/CrabSystem/ItemInventoryEquipment/PH Item Icons/Icons/Misc/closed_sack_02.png,Assets/Database/Assets/2D Database/closed_sack_02.png
moved,Assets/- Scenes/Zoo/FS013_Rainy.png,Assets/Database/Assets/2D Database/FS013_Rainy.png
moved,Assets/- Scenes/NewModel/ElfStockingBody.png,Assets/Database/Assets/2D Database/ElfStockingBody.png
moved,Assets/- Scenes/ModelHall/Leotard.png,Assets/Database/Assets/2D Database/Leotard.png
moved,Assets/CrabSystem/Abilities/Data/Abilities/WeaponFundamental/fc725.png,Assets/Database/Assets/2D Database/fc725.png
moved,Assets/CrabSystem/ItemInventoryEquipment/PH Item Icons/Icons/Misc/olden_treasure_map.png,Assets/Database/Assets/2D Database/olden_treasure_map.png
moved,Assets/- Scenes/MenuScene/ElfBikini.png,Assets/Database/Assets/2D Database/ElfBikini.png
moved,Assets/CrabSystem/ItemInventoryEquipment/PH Item Icons/Icons/Armor/Falmer_helmet_with_horns_25.png.png,Assets/Database/Assets/2D Database/Falmer_helmet_with_horns_25.png.png
moved,Assets/- Scenes/AG3/SheerLayer3.png,Assets/Database/Assets/2D Database/SheerLayer3.png
moved,Assets/CrabSystem/Sound/UnplacedSounds/Quirboilly,leather,metal,twist,contort,small,smooth,lightmetal,drop,slightdistance,roomAMB,release,bounce,settle.wav,Assets/Database/Assets/Sound/Quirboilly,leather,metal,twist,contort,small,smooth,lightmetal,drop,slightdistance,roomAMB,release,bounce,settle.wav
moved,Assets/3d/CustomBaseMesh10.fbx,Assets/Database/Assets/3D Database/CustomBaseMesh10.fbx
moved,Assets/- Scenes/AG3/SheerLayer.png,Assets/Database/Assets/2D Database/SheerLayer.png
moved,Assets/UI Assets pack_v.1_st/UI.png,Assets/Database/Assets/2D Database/UI.png
moved,Assets/CrabSystem/Sound/UnplacedSounds/MAGIC AIR Large Whoosh, Swirl, Wind Gust, Foliage 01.wav,Assets/Database/Assets/Sound/MAGIC AIR Large Whoosh, Swirl, Wind Gust, Foliage 01.wav
moved,Assets/CrabSystem/Sound/Sounds/UnplacedSounds/WEAPAxe_Long Two-Handed Axe Flesh Hit_JSE_MW.wav,Assets/Database/Assets/Sound/WEAPAxe_Long Two-Handed Axe Flesh Hit_JSE_MW.wav
moved,Assets/- Scenes/ModelHall/bootsbase.png,Assets/Database/Assets/2D Database/bootsbase.png
moved,Assets/- Scenes/NewModel/AnimeGirlDefSkel 1.fbx,Assets/Database/Assets/3D Database/AnimeGirlDefSkel 1.fbx
moved,Assets/CrabSystem/Abilities/Data/Abilities/WeaponFundamental/fc729.png,Assets/Database/Assets/2D Database/fc729.png
moved,Assets/CrabSystem/Sound/UnplacedSounds/Seq 2.1 whoosh #1 96 HK1.wav,Assets/Database/Assets/Sound/Seq 2.1 whoosh #1 96 HK1 1.wav
moved,Assets/- Scenes/ModelHall/TestModel.fbx,Assets/Database/Assets/3D Database/TestModel.fbx
moved,Assets/CrabSystem/Sound/UnplacedSounds/AMBISONIC_A SD INT Metal Iron Steel Drop Concrete 23 C.wav,Assets/Database/Assets/Sound/AMBISONIC_A SD INT Metal Iron Steel Drop Concrete 23 C 1.wav
moved,Assets/CrabSystem/Sound/UnplacedSounds/Metal_Barrel_Bolt_Lock_Loose_Handling_03.wav,Assets/Database/Assets/Sound/Metal_Barrel_Bolt_Lock_Loose_Handling_03 1.wav
moved,Assets/CrabSystem/Sound/Sounds/UnplacedSounds/Metal_Plate_Hit_02_06.wav,Assets/Database/Assets/Sound/Metal_Plate_Hit_02_06.wav
moved,Assets/CrabSystem/Sound/Sounds/UnplacedSounds/foley_soldier_gear_equipment_metal_cloth_heavy_movement_light_08.wav,Assets/Database/Assets/Sound/foley_soldier_gear_equipment_metal_cloth_heavy_movement_light_08.wav
moved,Assets/- Scenes/MenuScene/animegirlredone2.blend,Assets/Database/Assets/3D Database/animegirlredone2.blend
moved,Assets/3d/Doodads/basicchest.blend1,Assets/Database/Assets/3D Database/basicchest.blend1
moved,Assets/VFX/leaf.png,Assets/Database/Assets/2D Database/leaf.png
moved,Assets/CrabSystem/Sound/UnplacedSounds/foley_soldier_gear_equipment_metal_cloth_heavy_movement_light_08.wav,Assets/Database/Assets/Sound/foley_soldier_gear_equipment_metal_cloth_heavy_movement_light_08 1.wav
moved,Assets/- Scenes/ModelHall/rigtest.fbx,Assets/Database/Assets/3D Database/rigtest.fbx
moved,Assets/CrabSystem/ItemInventoryEquipment/PH Item Icons/Icons/Misc/Bedroll.png,Assets/Database/Assets/2D Database/Bedroll.png
moved,Assets/CrabSystem/ItemInventoryEquipment/PH Item Icons/Icons/Falmer_armored_boots_17.png,Assets/Database/Assets/2D Database/Falmer_armored_boots_17 1.png
moved,Assets/- Scenes/NewModel/AnimeGirl3.fbx,Assets/Database/Assets/3D Database/AnimeGirl3 1.fbx
moved,Assets/CrabSystem/ItemInventoryEquipment/PH Item Icons/Icons/Misc/Dwarven_magical_book_31.png,Assets/Database/Assets/2D Database/Dwarven_magical_book_31.png
moved,Assets/- Scenes/AG3/SheerLayer5.png,Assets/Database/Assets/2D Database/SheerLayer5.png
moved,Assets/CrabSystem/MovementLocomotion/Sounds/Steps.wav,Assets/Database/Assets/Sound/Steps.wav
moved,Assets/CrabSystem/Sound/Sounds/UnplacedSounds/PUNCH_DESIGNED_LIGHT_78.wav,Assets/Database/Assets/Sound/PUNCH_DESIGNED_LIGHT_78 1.wav
moved,Assets/CrabSystem/ItemInventoryEquipment/PH Item Icons/Icons/Armor/magic_fantasy_Amulet_03.png,Assets/Database/Assets/2D Database/magic_fantasy_Amulet_03.png
moved,Assets/CrabSystem/Sound/Sounds/UnplacedSounds/Quirboilly,leather,metal,twist,contort,large,supple,lining,flimsymetal,zipper,drop,slightdistance,roomAMB,slide,lightclatter.wav,Assets/Database/Assets/Sound/Quirboilly,leather,metal,twist,contort,large,supple,lining,flimsymetal,zipper,drop,slightdistance,roomAMB,slide,lightclatter 1.wav
moved,Assets/CrabSystem/MovementLocomotion/Sounds/Dash.wav,Assets/Database/Assets/Sound/Dash.wav
moved,Assets/CrabSystem/ItemInventoryEquipment/PH Item Icons/Icons/Armor/Falmer_armored_boots_17.png,Assets/Database/Assets/2D Database/Falmer_armored_boots_17 2.png
moved,Assets/CrabSystem/Sound/UnplacedSounds/WEAPArmr_Metal Shield Block Hits_JSE_MW.wav,Assets/Database/Assets/Sound/WEAPArmr_Metal Shield Block Hits_JSE_MW 1.wav
moved,Assets/CrabSystem/Abilities/Data/Abilities/WeaponFundamental/fc730.png,Assets/Database/Assets/2D Database/fc730.png
moved,Assets/CrabSystem/Sound/Sounds/UnplacedSounds/IMPACT_LOW_THUD_10.wav,Assets/Database/Assets/Sound/IMPACT_LOW_THUD_10 1.wav
moved,Assets/- Scenes/NewModel/animegirlredone.fbx,Assets/Database/Assets/3D Database/animegirlredone.fbx
moved,Assets/CrabSystem/ItemInventoryEquipment/PH Item Icons/Icons/Armor/Falmer_helmet_with_wings_28.png.png,Assets/Database/Assets/2D Database/Falmer_helmet_with_wings_28.png.png
moved,Assets/- Scenes/MenuScene/animegirlredone.blend,Assets/Database/Assets/3D Database/animegirlredone.blend
moved,Assets/CrabSystem/Sound/UnplacedSounds/WEAPAxe_Long Two-Handed Axe Flesh Hit_JSE_MW.wav,Assets/Database/Assets/Sound/WEAPAxe_Long Two-Handed Axe Flesh Hit_JSE_MW 1.wav
moved,Assets/3d/CustomBaseMesh9.fbx,Assets/Database/Assets/3D Database/CustomBaseMesh9.fbx
moved,Assets/CrabSystem/Sound/Sounds/UnplacedSounds/Whoosh Electronic Short Beep.wav,Assets/Database/Assets/Sound/Whoosh Electronic Short Beep 1.wav
moved,Assets/3d/Doodads/WeaponRack.blend1,Assets/Database/Assets/3D Database/WeaponRack.blend1
moved,Assets/CrabSystem/ItemInventoryEquipment/PH Item Icons/Mage_Gloves.png,Assets/Database/Assets/2D Database/Mage_Gloves.png
moved,Assets/CrabSystem/ItemInventoryEquipment/PH Item Icons/Icons/Armor/Falmer_Armored_cuisses_51.png,Assets/Database/Assets/2D Database/Falmer_Armored_cuisses_51.png
moved,Assets/CrabSystem/Sound/Sounds/UnplacedSounds/Seq1.15 whoosh #1 96 HK1.wav,Assets/Database/Assets/Sound/Seq1.15 whoosh #1 96 HK1 1.wav
moved,Assets/CrabSystem/ItemInventoryEquipment/PH Item Icons/Icons/Misc/Whetstone.png,Assets/Database/Assets/2D Database/Whetstone.png
moved,Assets/CrabSystem/Sound/UnplacedSounds/HKAP2 Spin Whoosh 2a.wav,Assets/Database/Assets/Sound/HKAP2 Spin Whoosh 2a 1.wav
moved,Assets/CrabSystem/ItemInventoryEquipment/PH Item Icons/Icons/Misc/just_one_wooden_plank.png,Assets/Database/Assets/2D Database/just_one_wooden_plank.png
moved,Assets/- Scenes/Zoo/lantern.fbx,Assets/Database/Assets/3D Database/lantern.fbx
moved,Assets/CrabSystem/Sound/Sounds/UnplacedSounds/bullet_impact_body_thump_02.wav,Assets/Database/Assets/Sound/bullet_impact_body_thump_02 1.wav
moved,Assets/CrabSystem/Sound/UnplacedSounds/Thwump.wav,Assets/Database/Assets/Sound/Thwump.wav
moved,Assets/CrabSystem/ItemInventoryEquipment/PH Item Icons/Falmer_magical_Hat_08.png,Assets/Database/Assets/2D Database/Falmer_magical_Hat_08 1.png
moved,Assets/CrabSystem/ItemInventoryEquipment/PH Item Icons/Icons/Armor/Mage_Gloves.png,Assets/Database/Assets/2D Database/Mage_Gloves 1.png
moved,Assets/CrabSystem/Sound/UnplacedSounds/Whoosh,Sound Design,Cartoon,Whir,2.wav,Assets/Database/Assets/Sound/Whoosh,Sound Design,Cartoon,Whir,2 1.wav
moved,Assets/CrabSystem/Sound/Sounds/UnplacedSounds/Metal_Hit_Crash_090.wav,Assets/Database/Assets/Sound/Metal_Hit_Crash_090.wav
moved,Assets/CrabSystem/Sound/UnplacedSounds/PUNCH_PERCUSSIVE_HEAVY_06.wav,Assets/Database/Assets/Sound/PUNCH_PERCUSSIVE_HEAVY_06.wav
moved,Assets/- Scenes/MenuScene/animegirlredone2.blend1,Assets/Database/Assets/3D Database/animegirlredone2.blend1
moved,Assets/CrabSystem/ItemInventoryEquipment/Inventory/Items/ItemDefinitions/sword_185.png,Assets/Database/Assets/2D Database/sword_185.png
moved,Assets/- Scenes/ModelHall/ThickCatsuit.fbx,Assets/Database/Assets/3D Database/ThickCatsuit.fbx
moved,Assets/CrabSystem/ItemInventoryEquipment/Inventory/Items/ItemDefinitions/katana1.PNG,Assets/Database/Assets/2D Database/katana1.PNG
moved,Assets/CrabSystem/Sound/Sounds/UnplacedSounds/HKAP2 Seq1.2 Whoosh 5.wav,Assets/Database/Assets/Sound/HKAP2 Seq1.2 Whoosh 6.wav
moved,Assets/3d/Models/Porphi/animegbase4.fbx,Assets/Database/Assets/3D Database/animegbase4 1.fbx
moved,Assets/CrabSystem/Sound/UnplacedSounds/SWORD Hit Metal 02.wav,Assets/Database/Assets/Sound/SWORD Hit Metal 02.wav
moved,Assets/3d/Models/Porphi/toontest/flat-design-digital-camo-pattern_23-2149265449.jpg,Assets/Database/Assets/2D Database/flat-design-digital-camo-pattern_23-2149265449.jpg
moved,Assets/- Scenes/MenuScene/animegirlredone1.blend1,Assets/Database/Assets/3D Database/animegirlredone1.blend1
moved,Assets/CrabSystem/Sound/UnplacedSounds/metal_hit_004.wav,Assets/Database/Assets/Sound/metal_hit_004 1.wav
moved,Assets/- Scenes/NewModel/ElfGOldenHead.png,Assets/Database/Assets/2D Database/ElfGOldenHead.png
moved,Assets/- Scenes/MenuScene/animegirlredone1.fbx,Assets/Database/Assets/3D Database/animegirlredone1.fbx
moved,Assets/CrabSystem/Sound/Sounds/UnplacedSounds/metal_pipe_hit_2.WAV,Assets/Database/Assets/Sound/metal_pipe_hit_2 1.WAV
moved,Assets/3d/Doodads/WeaponRack.blend,Assets/Database/Assets/3D Database/WeaponRack.blend
moved,Assets/CrabSystem/S. Shaders/Clouds.png,Assets/Database/Assets/2D Database/Clouds.png
moved,Assets/CrabSystem/Sound/UnplacedSounds/metal_clutter_10.WAV,Assets/Database/Assets/Sound/metal_clutter_10.WAV
moved,Assets/CrabSystem/Sound/Sounds/UnplacedSounds/W_a_P_Spell_Whoosh_19.wav,Assets/Database/Assets/Sound/W_a_P_Spell_Whoosh_19.wav
moved,Assets/CrabSystem/Sound/Sounds/UnplacedSounds/Quirboilly,leather,metal,twist,contort,small,smooth,lightmetal,drop,slightdistance,roomAMB,release,bounce,settle.wav,Assets/Database/Assets/Sound/Quirboilly,leather,metal,twist,contort,small,smooth,lightmetal,drop,slightdistance,roomAMB,release,bounce,settle 1.wav
moved,Assets/CrabSystem/Sound/Sounds/UnplacedSounds/WHSH_Pure SciFi-Whoosh Fast 03_RSCPC_DW.wav,Assets/Database/Assets/Sound/WHSH_Pure SciFi-Whoosh Fast 03_RSCPC_DW.wav
moved,Assets/- Scenes/NewModel/C_Elf_Face.png,Assets/Database/Assets/2D Database/C_Elf_Face.png
moved,Assets/CrabSystem/ItemInventoryEquipment/PH Item Icons/Icons/Weapons/dwarven_torch.png,Assets/Database/Assets/2D Database/dwarven_torch.png
moved,Assets/CrabSystem/ItemInventoryEquipment/PH Item Icons/Icons/Armor/Falmer_Tunics_10.png,Assets/Database/Assets/2D Database/Falmer_Tunics_10.png
moved,Assets/- Scenes/NewModel/ElfBOdyTexSheerLayer.png,Assets/Database/Assets/2D Database/ElfBOdyTexSheerLayer.png
moved,Assets/CrabSystem/Sound/Sounds/UnplacedSounds/metal_clutter_10.WAV,Assets/Database/Assets/Sound/metal_clutter_10 1.WAV
moved,Assets/CrabSystem/Sound/Sounds/UnplacedSounds/HKAP2 Seq2.13 Whoosh 5.wav,Assets/Database/Assets/Sound/HKAP2 Seq2.13 Whoosh 5.wav
moved,Assets/CrabSystem/Sound/UnplacedSounds/Whoosh,Organic,Fabric,Strap,Zip,High,Stagger,Pushy.wav,Assets/Database/Assets/Sound/Whoosh,Organic,Fabric,Strap,Zip,High,Stagger,Pushy.wav
moved,Assets/CrabSystem/ItemInventoryEquipment/PH Item Icons/Icons/Weapons/Falmer__Axe_06.png,Assets/Database/Assets/2D Database/Falmer__Axe_06.png
moved,Assets/CrabSystem/Sound/UnplacedSounds/W_a_P_Spell_Whoosh_19.wav,Assets/Database/Assets/Sound/W_a_P_Spell_Whoosh_19 1.wav
moved,Assets/- Scenes/NewModel/AnimeBaseMesh_F3 1.fbx,Assets/Database/Assets/3D Database/AnimeBaseMesh_F3 1.fbx
moved,Assets/CrabSystem/ItemInventoryEquipment/PH Item Icons/Icons/Misc/Spellbook_02.png,Assets/Database/Assets/2D Database/Spellbook_02.png
moved,Assets/CrabSystem/Abilities/Data/Abilities/WeaponFundamental/fc724.png,Assets/Database/Assets/2D Database/fc724.png
moved,Assets/UI Assets pack_v.1_st/Interface.png,Assets/Database/Assets/2D Database/Interface.png
moved,Assets/- Scenes/AG3/Overlay.png,Assets/Database/Assets/2D Database/Overlay.png
moved,Assets/3d/Models/Stroma/StromaTestModel.fbx,Assets/Database/Assets/3D Database/StromaTestModel.fbx
moved,Assets/- Scenes/NewModel/AnimeBaseMesh_F2_test2.fbx,Assets/Database/Assets/3D Database/AnimeBaseMesh_F2_test2.fbx
moved,Assets/CrabSystem/Sound/Sounds/UnplacedSounds/Whoosh,Organic,Styrofoam,Plank,Airy,Smooth,Texture,1.wav,Assets/Database/Assets/Sound/Whoosh,Organic,Styrofoam,Plank,Airy,Smooth,Texture,1 1.wav
moved,Assets/CrabSystem/Sound/Sounds/UnplacedSounds/MAGIC AIR Large Whoosh, Swirl, Wind Gust, Foliage 01.wav,Assets/Database/Assets/Sound/MAGIC AIR Large Whoosh, Swirl, Wind Gust, Foliage 02.wav
moved,Assets/CrabSystem/Sound/Sounds/UnplacedSounds/Whoosh_Cloth_Leather_Fight_174.wav,Assets/Database/Assets/Sound/Whoosh_Cloth_Leather_Fight_174 1.wav
moved,Assets/- Scenes/AG3/C_Elf_Face.png,Assets/Database/Assets/2D Database/C_Elf_Face 1.png
moved,Assets/- Scenes/AG3/SheerLaye2r2.png,Assets/Database/Assets/2D Database/SheerLaye2r2.png
moved,Assets/3d/Models/animegbase5.fbx,Assets/Database/Assets/3D Database/animegbase5.fbx
moved,Assets/CrabSystem/Sound/Sounds/UnplacedSounds/PUNCH_PERCUSSIVE_HEAVY_06.wav,Assets/Database/Assets/Sound/PUNCH_PERCUSSIVE_HEAVY_06 1.wav
moved,Assets/CrabSystem/ItemInventoryEquipment/PH Item Icons/Icons/Falmer_Ebony_01.png,Assets/Database/Assets/2D Database/Falmer_Ebony_01 1.png
moved,Assets/CrabSystem/Sound/Sounds/UnplacedSounds/SWORD Hit Metal 02.wav,Assets/Database/Assets/Sound/SWORD Hit Metal 03.wav
moved,Assets/CrabSystem/ItemInventoryEquipment/PH Item Icons/Icons/Armor/Falmer_Ebony_01.png,Assets/Database/Assets/2D Database/Falmer_Ebony_01 2.png
moved,Assets/CrabSystem/Abilities/Data/Abilities/WeaponFundamental/fc728.png,Assets/Database/Assets/2D Database/fc728.png
moved,Assets/CrabSystem/ItemInventoryEquipment/PH Item Icons/Icons/Misc/Crystal_ball_01.png,Assets/Database/Assets/2D Database/Crystal_ball_01.png
moved,Assets/CrabSystem/ItemInventoryEquipment/PH Item Icons/Icons/Misc/wooden_chest.png,Assets/Database/Assets/2D Database/wooden_chest.png
moved,Assets/3d/SkinBaseTex.png,Assets/Database/Assets/2D Database/SkinBaseTex 1.png
moved,Assets/3d/Models/Porphi/PorphiTestModel.fbx,Assets/Database/Assets/3D Database/PorphiTestModel.fbx
moved,Assets/- Scenes/NewModel/ElfHeadTex.png,Assets/Database/Assets/2D Database/ElfHeadTex.png
moved,Assets/CrabSystem/MovementLocomotion/Sounds/Whoosh.wav,Assets/Database/Assets/Sound/Whoosh.wav
moved,Assets/- Scenes/MenuScene/UL-SheerBasic.png,Assets/Database/Assets/2D Database/UL-SheerBasic.png
moved,Assets/CrabSystem/Sound/UnplacedSounds/Metal_Plate_Hit_02_06.wav,Assets/Database/Assets/Sound/Metal_Plate_Hit_02_06 1.wav
moved,Assets/- Scenes/MenuScene/SkinBase.png,Assets/Database/Assets/2D Database/SkinBase.png
moved,Assets/3d/Models/Porphi/animegbase4NewBoots.fbx,Assets/Database/Assets/3D Database/animegbase4NewBoots.fbx
moved,Assets/CrabSystem/ItemInventoryEquipment/PH Item Icons/Icons/Misc/sack_with_gold.png,Assets/Database/Assets/2D Database/sack_with_gold.png
moved,Assets/CrabSystem/Sound/Sounds/UnplacedSounds/Seq 2.27 whoosh #1 96 HK1.wav,Assets/Database/Assets/Sound/Seq 2.27 whoosh #1 96 HK1 1.wav
moved,Assets/- Scenes/ModelHall/CustomBaseMesh12.fbx,Assets/Database/Assets/3D Database/CustomBaseMesh12.fbx
moved,Assets/3d/Models/Stroma/facetest2.png,Assets/Database/Assets/2D Database/facetest2.png
moved,Assets/CrabSystem/ItemInventoryEquipment/PH Item Icons/Icons/Misc/golden_coins_stack_0_1.png,Assets/Database/Assets/2D Database/golden_coins_stack_0_1.png
moved,Assets/- Scenes/NewModel/AnimeBaseMesh_F3.fbx,Assets/Database/Assets/3D Database/AnimeBaseMesh_F3.fbx
moved,Assets/CrabSystem/ItemInventoryEquipment/PH Item Icons/Icons/Armor/Falmer_cuirass_105.png,Assets/Database/Assets/2D Database/Falmer_cuirass_105.png
moved,Assets/CrabSystem/ItemInventoryEquipment/PH Item Icons/Icons/Misc/emerald_gem_01.png,Assets/Database/Assets/2D Database/emerald_gem_01.png
moved,Assets/CrabSystem/Sound/UnplacedSounds/UIGlitch_Whoosh_RogueWaves_GlitchGrains_01.wav,Assets/Database/Assets/Sound/UIGlitch_Whoosh_RogueWaves_GlitchGrains_01 1.wav
moved,Assets/CrabSystem/Sound/UnplacedSounds/WHSH_Pure SciFi-Whoosh Fast 03_RSCPC_DW.wav,Assets/Database/Assets/Sound/WHSH_Pure SciFi-Whoosh Fast 03_RSCPC_DW 1.wav
moved,Assets/CrabSystem/ItemInventoryEquipment/PH Item Icons/Icons/Mage_Gloves.png,Assets/Database/Assets/2D Database/Mage_Gloves 2.png
moved,Assets/CrabSystem/Sound/UnplacedSounds/HKAP2 Seq2.13 Whoosh 5.wav,Assets/Database/Assets/Sound/HKAP2 Seq2.13 Whoosh 6.wav
moved,Assets/CrabSystem/ItemInventoryEquipment/PH Item Icons/Icons/Misc/Firewood.png,Assets/Database/Assets/2D Database/Firewood.png
moved,Assets/CrabSystem/ItemInventoryEquipment/PH Item Icons/Icons/Armor/Falmer_Shield_51.png,Assets/Database/Assets/2D Database/Falmer_Shield_51.png
moved,Assets/CrabSystem/Sound/Sounds/UnplacedSounds/Whoosh,Organic,Fabric,Strap,Zip,High,Stagger,Pushy.wav,Assets/Database/Assets/Sound/Whoosh,Organic,Fabric,Strap,Zip,High,Stagger,Pushy 1.wav
moved,Assets/3d/Models/Porphi/toontest/AnimeGBody.png,Assets/Database/Assets/2D Database/AnimeGBody.png
moved,Assets/CrabSystem/ItemInventoryEquipment/PH Item Icons/Icons/Armor/Dwarven_Tunics.png,Assets/Database/Assets/2D Database/Dwarven_Tunics.png
moved,Assets/CrabSystem/ItemInventoryEquipment/PH Item Icons/Icons/Misc/three_gold_bars.png,Assets/Database/Assets/2D Database/three_gold_bars.png
moved,Assets/- Scenes/NewModel/FaceTex.png,Assets/Database/Assets/2D Database/FaceTex.png
moved,Assets/UI Assets pack_v.1_st/ribbon.png,Assets/Database/Assets/2D Database/ribbon.png
moved,Assets/- Scenes/AG3/HairTex.png,Assets/Database/Assets/2D Database/HairTex.png
moved,Assets/CrabSystem/ItemInventoryEquipment/PH Item Icons/Icons/Armor/magic_fantasy_ring_39.png,Assets/Database/Assets/2D Database/magic_fantasy_ring_39.png
moved,Assets/CrabSystem/Sound/UnplacedSounds/Metal_Hit_Crash_090.wav,Assets/Database/Assets/Sound/Metal_Hit_Crash_090 1.wav
moved,Assets/CrabSystem/ItemInventoryEquipment/PH Item Icons/Icons/Armor/Falmer_Ivory.png,Assets/Database/Assets/2D Database/Falmer_Ivory.png
moved,Assets/CrabSystem/ItemInventoryEquipment/PH Item Icons/Icons/Weapons/Bloody__Ritual_Falmer_Axe.png,Assets/Database/Assets/2D Database/Bloody__Ritual_Falmer_Axe.png
moved,Assets/CrabSystem/Sound/Sounds/UnplacedSounds/Whoosh,Organic,Fabric,Glove,Airy,Breathy,Punchy.wav,Assets/Database/Assets/Sound/Whoosh,Organic,Fabric,Glove,Airy,Breathy,Punchy 1.wav
moved,Assets/CrabSystem/Sound/Sounds/UnplacedSounds/Bluezone_BC0248_098_whoosh_hit.wav,Assets/Database/Assets/Sound/Bluezone_BC0248_098_whoosh_hit.wav
moved,Assets/CrabSystem/Sound/UnplacedSounds/Bluezone_BC0248_098_whoosh_hit.wav,Assets/Database/Assets/Sound/Bluezone_BC0248_098_whoosh_hit 1.wav
moved,Assets/CrabSystem/ItemInventoryEquipment/PH Item Icons/Icons/Armor/Dwarven_Earrings_14.png,Assets/Database/Assets/2D Database/Dwarven_Earrings_14.png
moved,Assets/CrabSystem/Sound/Sounds/UnplacedSounds/Thwump.wav,Assets/Database/Assets/Sound/Thwump 1.wav
moved,Assets/CrabSystem/Interaction/UI Prefabs/tile_0030.png,Assets/Database/Assets/2D Database/tile_0030.png
moved,Assets/- Scenes/ModelHall/CustomBaseMesh9.fbx,Assets/Database/Assets/3D Database/CustomBaseMesh9 1.fbx
moved,Assets/3d/Humanoid/HoyoBase5.fbx,Assets/Database/Assets/3D Database/HoyoBase5.fbx
moved,Assets/CrabSystem/Interaction/UI Prefabs/tile_0138.png,Assets/Database/Assets/2D Database/tile_0138.png
